町 名,Unnamed: 2,可燃,Unnamed: 4,不燃,資源  ペット,有価物,番地詳細,nth_week,weekday_info,town_name,district_name
あ,旭町1丁目,"0,3",1,2木,2,2.0,,2,3,旭町,1丁目
あ,旭町2丁目,"0,3",1,4木,2,2.0,"1～18,23～27",4,3,旭町,2丁目
あ,旭町2丁目,"0,3",1,4木,2,3.0,19～22,4,3,旭町,2丁目
あ,旭町3丁目,"0,3",1,4木,2,2.0,1～21,4,3,旭町,3丁目
あ,旭町3丁目,"0,3",1,4木,2,3.0,22の一部,4,3,旭町,3丁目
あ,旭町4丁目,"0,3",1,4木,2,2.0,1～6,4,3,旭町,4丁目
あ,旭町4丁目,"0,3",1,4木,2,3.0,7～22,4,3,旭町,4丁目
あ,旭町5・6丁目,"0,3",1,2木,2,2.0,,2,3,旭町,5・6丁目
あ,東町,"1,4",1,3木,0,0.0,,3,3,東町,
あ,東町,"1,4",1,3木,2,2.0,673のみ米ケ崎町会,3,3,東町,
い,市場1丁目,"1,4",1,3火,0,0.0,,3,1,市場,1丁目
い,市場2丁目,"1,4",1,3木,0,0.0,,3,3,市場,2丁目
い,市場3・4丁目,"1,4",1,3火,0,0.0,,3,1,市場,3・4丁目
い,市場5丁目,"1,4",1,3木,0,0.0,,3,3,市場,5丁目
い,印内1・2丁目,"0,3",1,2月,4,1.0,,2,0,印内,1・2丁目
い,印内3丁目,"0,3",1,2月,4,1.0,"1～11,23～39",2,0,印内,3丁目
い,印内3丁目,"0,3",1,1木,4,1.0,12～22,1,3,印内,3丁目
い,印内町,"2,5",1,4月,4,1.0,京葉線沿い,4,0,印内町,
い,印内町,"2,5",1,2月,4,1.0,400番台 春日神社側,2,0,印内町,
お,大穴北1～3丁目,"1,4",0,2金,3,2.0,,2,4,大穴北,1～3丁目
お,大穴北4丁目,"1,4",0,1金,3,0.0,"1,8～11,30～33",1,4,大穴北,4丁目
お,大穴北4丁目,"1,4",0,1金,3,2.0,"2～5,14～28",1,4,大穴北,4丁目
お,大穴北5丁目,"1,4",0,1金,3,2.0,,1,4,大穴北,5丁目
お,大穴北6～8丁目,"1,4",0,2金,3,2.0,,2,4,大穴北,6～8丁目
お,大穴町,"1,4",0,2金,3,2.0,,2,4,大穴町,
お,大穴南1～5丁目,"1,4",0,2金,3,2.0,,2,4,大穴南,1～5丁目
お,大神保町,"2,5",0,1金,3,0.0,,1,4,大神保町,
か,海神1丁目,"0,3",1,4月,4,4.0,,4,0,海神,1丁目
か,海神2丁目,"0,3",1,3月,4,4.0,1～22、23の一部,3,0,海神,2丁目
か,海神2丁目,"0,3",1,3月,0,2.0,23の一部,3,0,海神,2丁目
か,海神3・4丁目,"0,3",1,3月,4,4.0,,3,0,海神,3・4丁目
か,海神5丁目,"0,3",1,3月,4,4.0,"1～15,20～29",3,0,海神,5丁目
か,海神5丁目,"0,3",1,2月,4,4.0,16～18,2,0,海神,5丁目
か,海神6丁目,"2,5",1,3月,4,4.0,"1～15,19～30  18（高架下より東側）",3,0,海神,6丁目
か,海神6丁目,"2,5",1,2月,4,4.0,"16,17  18（高架下より西側）",2,0,海神,6丁目
か,海神町2・3丁目,"2,5",1,4月,4,4.0,,4,0,海神町,2・3丁目
か,海神町西1丁目,"2,5",1,4月,4,4.0,,4,0,海神町西,1丁目
か,海神町西1丁目,"2,5",1,3月,4,4.0,船橋中央病院附属看護  専門学校の2ヶ所のみ,3,0,海神町西,1丁目
か,海神町東1丁目,"2,5",1,4月,4,4.0,,4,0,海神町東,1丁目
か,海神町南1丁目,"2,5",1,4月,4,4.0,下記以外,4,0,海神町南,1丁目
か,海神町南1丁目,"2,5",1,4月,4,1.0,"700番台,1730番台",4,0,海神町南,1丁目
か,葛飾町2丁目,"2,5",1,4月,4,1.0,,4,0,葛飾町,2丁目
か,金杉1丁目,"1,4",1,3木,2,1.0,,3,3,金杉,1丁目
か,金杉2丁目,"0,3",1,4木,2,1.0,,4,3,金杉,2丁目
か,金杉3～6丁目,"0,3",0,4木,2,1.0,,4,3,金杉,3～6丁目
か,金杉7丁目,"0,3",0,4木,2,1.0,1～11,4,3,金杉,7丁目
か,金杉7丁目,"1,4",1,3木,2,1.0,12～56,3,3,金杉,7丁目
か,金杉8・9丁目,"1,4",1,3木,2,1.0,,3,3,金杉,8・9丁目
か,金杉台1・2丁目,"0,3",0,4木,2,1.0,団地以外,4,3,金杉台,1・2丁目
か,金杉台1・2丁目,"0,3",0,3火,2,1.0,金杉台団地,3,1,金杉台,1・2丁目
か,金杉町,"0,3",1,4木,2,1.0,船橋・我孫子線より西側,4,3,金杉町,
か,金杉町,"1,4",1,3木,2,1.0,医療センターの南側,3,3,金杉町,
か,金杉町,"0,3",0,4木,2,1.0,船橋・我孫子線より東側,4,3,金杉町,
か,金堀町,"2,5",0,1金,3,0.0,,1,4,金堀町,
か,上山町1丁目,"0,3",1,1木,2,3.0,,1,3,上山町,1丁目
か,上山町2丁目,"0,3",1,1木,2,3.0,1～425,1,3,上山町,2丁目
か,上山町2丁目,"0,3",1,1木,2,2.0,前貝塚町寄りの2箇所のみ,1,3,上山町,2丁目
か,上山町2丁目,"0,3",1,4木,2,3.0,426～492  495～658,4,3,上山町,2丁目
か,上山町2丁目,"0,3",1,2木,2,3.0,493494,2,3,上山町,2丁目
か,上山町3丁目,"0,3",1,4木,2,3.0,,4,3,上山町,3丁目
き,北本町1丁目,"0,3",1,2木,0,2.0,3～6,2,3,北本町,1丁目
き,北本町1丁目,"0,3",1,2木,2,2.0,10141617,2,3,北本町,1丁目
き,北本町1丁目,"0,3",1,2木,3,2.0,"11,12,15  19～21",2,3,北本町,1丁目
き,北本町2丁目,"0,3",1,2木,2,2.0,,2,3,北本町,2丁目
き,行田1丁目,"0,3",1,2木,2,2.0,,2,3,行田,1丁目
き,行田2丁目,"0,3",1,2月,2,2.0,,2,0,行田,2丁目
き,行田3丁目,"0,3",1,2月,2,2.0,"1～11（行田団地,他）",2,0,行田,3丁目
き,行田3丁目,"0,3",1,1木,2,2.0,12～26,1,3,行田,3丁目
き,行田町,"0,3",1,1木,2,2.0,1～40番台,1,3,行田町,
き,行田町,"0,3",1,2木,2,2.0,70～300番台,2,3,行田町,
く,楠が山町,"1,4",0,1金,3,0.0,,1,4,楠が山町,
く,車方町,"2,5",0,1金,3,0.0,,1,4,車方町,
こ,高野台1～5丁目,"1,4",0,1金,3,3.0,,1,4,高野台,1～5丁目
こ,古作1丁目,"0,3",1,1木,4,1.0,下記を除く,1,3,古作,1丁目
こ,古作1丁目,"0,3",1,1木,2,3.0,7のライオンズマンション,1,3,古作,1丁目
こ,古作2丁目,"0,3",1,1月,4,1.0,,1,0,古作,2丁目
こ,古作3丁目,"0,3",1,2月,4,1.0,"1,2,7～16",2,0,古作,3丁目
こ,古作3丁目,"0,3",1,1木,4,1.0,3～5,1,3,古作,3丁目
こ,古作4丁目,"0,3",1,1木,4,1.0,,1,3,古作,4丁目
こ,古作町,"0,3",1,1木,2,2.0,,1,3,古作町,
こ,小野田町,"2,5",0,1金,3,0.0,,1,4,小野田町,
こ,小室町,"2,5",0,1火,3,0.0,,1,1,小室町,
こ,米ケ崎町,"1,4",1,3木,2,2.0,,3,3,米ケ崎町,
こ,古和釜町,"2,5",0,2金,3,0.0,700～900番台,2,4,古和釜町,
こ,古和釜町,"2,5",0,3金,3,0.0,100～300番台,3,4,古和釜町,
こ,古和釜町,"2,5",0,3金,3,0.0,"600,1700番台",3,4,古和釜町,
か,海神1丁目,"0,3",1,4月,4,4.0,,4,0,海神,1丁目
か,海神2丁目,"0,3",1,3月,4,4.0,1～22、23の一部,3,0,海神,2丁目
か,海神2丁目,"0,3",1,3月,0,2.0,23の一部,3,0,海神,2丁目
か,海神3・4丁目,"0,3",1,3月,4,4.0,,3,0,海神,3・4丁目
か,海神5丁目,"0,3",1,3月,4,4.0,"1～15,20～29",3,0,海神,5丁目
か,海神5丁目,"0,3",1,2月,4,4.0,16～18,2,0,海神,5丁目
か,海神6丁目,"2,5",1,3月,4,4.0,"1～15,19～30  18（高架下より東側）",3,0,海神,6丁目
か,海神6丁目,"2,5",1,2月,4,4.0,"16,17  18（高架下より西側）",2,0,海神,6丁目
か,海神町2・3丁目,"2,5",1,4月,4,4.0,,4,0,海神町,2・3丁目
か,海神町西1丁目,"2,5",1,4月,4,4.0,,4,0,海神町西,1丁目
か,海神町西1丁目,"2,5",1,3月,4,4.0,船橋中央病院附属看護  専門学校の2ヶ所のみ,3,0,海神町西,1丁目
か,海神町東1丁目,"2,5",1,4月,4,4.0,,4,0,海神町東,1丁目
か,海神町南1丁目,"2,5",1,4月,4,4.0,下記以外,4,0,海神町南,1丁目
か,海神町南1丁目,"2,5",1,4月,4,1.0,"700番台,1730番台",4,0,海神町南,1丁目
か,葛飾町2丁目,"2,5",1,4月,4,1.0,,4,0,葛飾町,2丁目
か,金杉1丁目,"1,4",1,3木,2,1.0,,3,3,金杉,1丁目
か,金杉2丁目,"0,3",1,4木,2,1.0,,4,3,金杉,2丁目
か,金杉3～6丁目,"0,3",0,4木,2,1.0,,4,3,金杉,3～6丁目
か,金杉7丁目,"0,3",0,4木,2,1.0,1～11,4,3,金杉,7丁目
か,金杉7丁目,"1,4",1,3木,2,1.0,12～56,3,3,金杉,7丁目
か,金杉8・9丁目,"1,4",1,3木,2,1.0,,3,3,金杉,8・9丁目
か,金杉台1・2丁目,"0,3",0,4木,2,1.0,団地以外,4,3,金杉台,1・2丁目
か,金杉台1・2丁目,"0,3",0,3火,2,1.0,金杉台団地,3,1,金杉台,1・2丁目
か,金杉町,"0,3",1,4木,2,1.0,船橋・我孫子線より西側,4,3,金杉町,
か,金杉町,"1,4",1,3木,2,1.0,医療センターの南側,3,3,金杉町,
か,金杉町,"0,3",0,4木,2,1.0,船橋・我孫子線より東側,4,3,金杉町,
か,金堀町,"2,5",0,1金,3,0.0,,1,4,金堀町,
か,上山町1丁目,"0,3",1,1木,2,3.0,,1,3,上山町,1丁目
か,上山町2丁目,"0,3",1,1木,2,3.0,1～425,1,3,上山町,2丁目
か,上山町2丁目,"0,3",1,1木,2,2.0,前貝塚町寄りの2箇所のみ,1,3,上山町,2丁目
か,上山町2丁目,"0,3",1,4木,2,3.0,426～492  495～658,4,3,上山町,2丁目
か,上山町2丁目,"0,3",1,2木,2,3.0,493494,2,3,上山町,2丁目
か,上山町3丁目,"0,3",1,4木,2,3.0,,4,3,上山町,3丁目
き,北本町1丁目,"0,3",1,2木,0,2.0,3～6,2,3,北本町,1丁目
き,北本町1丁目,"0,3",1,2木,2,2.0,10141617,2,3,北本町,1丁目
き,北本町1丁目,"0,3",1,2木,3,2.0,"11,12,15  19～21",2,3,北本町,1丁目
き,北本町2丁目,"0,3",1,2木,2,2.0,,2,3,北本町,2丁目
き,行田1丁目,"0,3",1,2木,2,2.0,,2,3,行田,1丁目
き,行田2丁目,"0,3",1,2月,2,2.0,,2,0,行田,2丁目
き,行田3丁目,"0,3",1,2月,2,2.0,"1～11（行田団地,他）",2,0,行田,3丁目
き,行田3丁目,"0,3",1,1木,2,2.0,12～26,1,3,行田,3丁目
き,行田町,"0,3",1,1木,2,2.0,1～40番台,1,3,行田町,
き,行田町,"0,3",1,2木,2,2.0,70～300番台,2,3,行田町,
く,楠が山町,"1,4",0,1金,3,0.0,,1,4,楠が山町,
く,車方町,"2,5",0,1金,3,0.0,,1,4,車方町,
こ,高野台1～5丁目,"1,4",0,1金,3,3.0,,1,4,高野台,1～5丁目
こ,古作1丁目,"0,3",1,1木,4,1.0,下記を除く,1,3,古作,1丁目
こ,古作1丁目,"0,3",1,1木,2,3.0,7のライオンズマンション,1,3,古作,1丁目
こ,古作2丁目,"0,3",1,1月,4,1.0,,1,0,古作,2丁目
こ,古作3丁目,"0,3",1,2月,4,1.0,"1,2,7～16",2,0,古作,3丁目
こ,古作3丁目,"0,3",1,1木,4,1.0,3～5,1,3,古作,3丁目
こ,古作4丁目,"0,3",1,1木,4,1.0,,1,3,古作,4丁目
こ,古作町,"0,3",1,1木,2,2.0,,1,3,古作町,
こ,小野田町,"2,5",0,1金,3,0.0,,1,4,小野田町,
こ,小室町,"2,5",0,1火,3,0.0,,1,1,小室町,
こ,米ケ崎町,"1,4",1,3木,2,2.0,,3,3,米ケ崎町,
こ,古和釜町,"2,5",0,2金,3,0.0,700～900番台,2,4,古和釜町,
こ,古和釜町,"2,5",0,3金,3,0.0,100～300番台,3,4,古和釜町,
こ,古和釜町,"2,5",0,3金,3,0.0,"600,1700番台",3,4,古和釜町,
さ,栄町1・2丁目,"2,5",1,4月,4,4.0,,4,0,栄町,1・2丁目
さ,咲が丘1～4丁目,"1,4",0,1金,3,3.0,,1,4,咲が丘,1～4丁目
し,芝山1丁目,"1,4",1,1水,1,1.0,団地以外,1,2,芝山,1丁目
し,芝山1丁目,"1,4",1,1月,1,1.0,芝山団地,1,0,芝山,1丁目
し,芝山2丁目,"1,4",1,3木,1,1.0,団地以外,3,3,芝山,2丁目
し,芝山2丁目,"1,4",1,1月,1,1.0,芝山団地,1,0,芝山,2丁目
し,芝山3丁目,"0,3",0,1水,1,1.0,"1～9,21～29",1,2,芝山,3丁目
し,芝山3丁目,"1,4",1,1水,1,1.0,"11～18,20",1,2,芝山,3丁目
し,芝山3丁目,"1,4",1,1月,1,1.0,芝山団地,1,0,芝山,3丁目
し,芝山4・5丁目,"0,3",0,1水,1,1.0,,1,2,芝山,4・5丁目
し,芝山6丁目,"0,3",0,1水,1,1.0,"1～49,52～59",1,2,芝山,6丁目
し,芝山6丁目,"0,3",0,1水,1,4.0,6162,1,2,芝山,6丁目
し,芝山7丁目,"0,3",0,1水,1,1.0,,1,2,芝山,7丁目
し,新高根1～4丁目,"1,4",1,3木,2,0.0,,3,3,新高根,1～4丁目
し,新高根5丁目,"1,4",1,3木,2,0.0,5～28,3,3,新高根,5丁目
し,新高根5丁目,"1,4",1,3木,3,0.0,1～3,3,3,新高根,5丁目
し,新高根6丁目,"1,4",1,3木,2,0.0,"1～33,35～37  44～50",3,3,新高根,6丁目
し,新高根6丁目,"1,4",1,3木,3,0.0,39～42,3,3,新高根,6丁目
し,神保町,"2,5",0,1金,3,0.0,,1,4,神保町,
す,鈴身町,"2,5",0,1金,3,0.0,,1,4,鈴身町,
す,駿河台1丁目,"1,4",1,2水,0,0.0,,2,2,駿河台,1丁目
す,駿河台2丁目,"1,4",1,2水,1,1.0,,2,2,駿河台,2丁目
さ,栄町1・2丁目,"2,5",1,4月,4,4.0,,4,0,栄町,1・2丁目
さ,咲が丘1～4丁目,"1,4",0,1金,3,3.0,,1,4,咲が丘,1～4丁目
し,芝山1丁目,"1,4",1,1水,1,1.0,団地以外,1,2,芝山,1丁目
し,芝山1丁目,"1,4",1,1月,1,1.0,芝山団地,1,0,芝山,1丁目
し,芝山2丁目,"1,4",1,3木,1,1.0,団地以外,3,3,芝山,2丁目
し,芝山2丁目,"1,4",1,1月,1,1.0,芝山団地,1,0,芝山,2丁目
し,芝山3丁目,"0,3",0,1水,1,1.0,"1～9,21～29",1,2,芝山,3丁目
し,芝山3丁目,"1,4",1,1水,1,1.0,"11～18,20",1,2,芝山,3丁目
し,芝山3丁目,"1,4",1,1月,1,1.0,芝山団地,1,0,芝山,3丁目
し,芝山4・5丁目,"0,3",0,1水,1,1.0,,1,2,芝山,4・5丁目
し,芝山6丁目,"0,3",0,1水,1,1.0,"1～49,52～59",1,2,芝山,6丁目
し,芝山6丁目,"0,3",0,1水,1,4.0,6162,1,2,芝山,6丁目
し,芝山7丁目,"0,3",0,1水,1,1.0,,1,2,芝山,7丁目
し,新高根1～4丁目,"1,4",1,3木,2,0.0,,3,3,新高根,1～4丁目
し,新高根5丁目,"1,4",1,3木,2,0.0,5～28,3,3,新高根,5丁目
し,新高根5丁目,"1,4",1,3木,3,0.0,1～3,3,3,新高根,5丁目
し,新高根6丁目,"1,4",1,3木,2,0.0,"1～33,35～37  44～50",3,3,新高根,6丁目
し,新高根6丁目,"1,4",1,3木,3,0.0,39～42,3,3,新高根,6丁目
し,神保町,"2,5",0,1金,3,0.0,,1,4,神保町,
す,鈴身町,"2,5",0,1金,3,0.0,,1,4,鈴身町,
す,駿河台1丁目,"1,4",1,2水,0,0.0,,2,2,駿河台,1丁目
す,駿河台2丁目,"1,4",1,2水,1,1.0,,2,2,駿河台,2丁目
た,高瀬町,"2,5",1,2火,0,2.0,ウェリス南船橋,2,1,高瀬町,
た,高根台1丁目,"2,5",0,3金,3,0.0,下記以外,3,4,高根台,1丁目
た,高根台1丁目,"2,5",0,3月,4,0.0,アートヒル高根台  ヴィークステージ,3,0,高根台,1丁目
た,高根台2丁目,"2,5",0,3金,3,0.0,団地以外,3,4,高根台,2丁目
た,高根台2丁目,"2,5",0,3月,4,0.0,アートヒル高根台,3,0,高根台,2丁目
た,高根台3丁目,"2,5",0,2金,3,0.0,団地以外,2,4,高根台,3丁目
た,高根台3丁目,"2,5",0,3月,4,0.0,高根台団地  ヴィークステージ,3,0,高根台,3丁目
た,高根台4丁目,"2,5",0,3金,3,0.0,団地以外,3,4,高根台,4丁目
た,高根台4丁目,"2,5",0,3月,3,0.0,高根台団地（分譲）,3,0,高根台,4丁目
た,高根台5丁目,"2,5",0,3月,4,0.0,高根台団地,3,0,高根台,5丁目
た,高根台6丁目,"2,5",0,3金,3,0.0,,3,4,高根台,6丁目
た,高根台7丁目,"2,5",0,3金,3,0.0,"1～19,22～24,33  ライオンズマンション",3,4,高根台,7丁目
た,高根台7丁目,"2,5",0,3金,1,4.0,"20,25～32  パールハイツ",3,4,高根台,7丁目
た,高根町,"1,4",1,3木,2,1.0,,3,3,高根町,
た,滝台1丁目,"1,4",0,4水,1,3.0,,4,2,滝台,1丁目
た,滝台2丁目,"1,4",0,3水,1,3.0,,3,2,滝台,2丁目
た,滝台町,"1,4",0,3水,1,3.0,,3,2,滝台町,
た,田喜野井1～6丁目,"1,4",0,4水,1,3.0,,4,2,田喜野井,1～6丁目
た,田喜野井7丁目,"2,5",0,4金,1,3.0,,4,4,田喜野井,7丁目
つ,坪井町,"2,5",0,3金,3,4.0,,3,4,坪井町,
つ,坪井西1～2丁目,"2,5",0,3金,3,4.0,,3,4,坪井西,1～2丁目
つ,坪井東1～6丁目,"2,5",0,3金,3,4.0,,3,4,坪井東,1～6丁目
と,豊富町,"2,5",0,1金,3,0.0,,1,4,豊富町,
た,高瀬町,"2,5",1,2火,0,2.0,ウェリス南船橋,2,1,高瀬町,
た,高根台1丁目,"2,5",0,3金,3,0.0,下記以外,3,4,高根台,1丁目
た,高根台1丁目,"2,5",0,3月,4,0.0,アートヒル高根台  ヴィークステージ,3,0,高根台,1丁目
た,高根台2丁目,"2,5",0,3金,3,0.0,団地以外,3,4,高根台,2丁目
た,高根台2丁目,"2,5",0,3月,4,0.0,アートヒル高根台,3,0,高根台,2丁目
た,高根台3丁目,"2,5",0,2金,3,0.0,団地以外,2,4,高根台,3丁目
た,高根台3丁目,"2,5",0,3月,4,0.0,高根台団地  ヴィークステージ,3,0,高根台,3丁目
た,高根台4丁目,"2,5",0,3金,3,0.0,団地以外,3,4,高根台,4丁目
た,高根台4丁目,"2,5",0,3月,3,0.0,高根台団地（分譲）,3,0,高根台,4丁目
た,高根台5丁目,"2,5",0,3月,4,0.0,高根台団地,3,0,高根台,5丁目
た,高根台6丁目,"2,5",0,3金,3,0.0,,3,4,高根台,6丁目
た,高根台7丁目,"2,5",0,3金,3,0.0,"1～19,22～24,33  ライオンズマンション",3,4,高根台,7丁目
た,高根台7丁目,"2,5",0,3金,1,4.0,"20,25～32  パールハイツ",3,4,高根台,7丁目
た,高根町,"1,4",1,3木,2,1.0,,3,3,高根町,
た,滝台1丁目,"1,4",0,4水,1,3.0,,4,2,滝台,1丁目
た,滝台2丁目,"1,4",0,3水,1,3.0,,3,2,滝台,2丁目
た,滝台町,"1,4",0,3水,1,3.0,,3,2,滝台町,
た,田喜野井1～6丁目,"1,4",0,4水,1,3.0,,4,2,田喜野井,1～6丁目
た,田喜野井7丁目,"2,5",0,4金,1,3.0,,4,4,田喜野井,7丁目
つ,坪井町,"2,5",0,3金,3,4.0,,3,4,坪井町,
つ,坪井西1～2丁目,"2,5",0,3金,3,4.0,,3,4,坪井西,1～2丁目
つ,坪井東1～6丁目,"2,5",0,3金,3,4.0,,3,4,坪井東,1～6丁目
と,豊富町,"2,5",0,1金,3,0.0,,1,4,豊富町,
な,中野木1・2丁目,"1,4",1,2水,0,3.0,,2,2,中野木,1・2丁目
な,夏見1・2丁目,"1,4",1,3木,2,2.0,,3,3,夏見,1・2丁目
な,夏見3丁目,"0,3",1,2木,2,2.0,,2,3,夏見,3丁目
な,夏見4丁目,"1,4",1,2木,2,2.0,,2,3,夏見,4丁目
な,夏見5～7丁目,"1,4",1,3木,2,2.0,,3,3,夏見,5～7丁目
な,夏見台1・2丁目,"1,4",1,3木,2,2.0,,3,3,夏見台,1・2丁目
な,夏見台3丁目,"0,3",1,2木,2,2.0,,2,3,夏見台,3丁目
な,夏見台4丁目,"1,4",1,3木,2,2.0,,3,3,夏見台,4丁目
な,夏見台5丁目,"0,3",1,2木,2,2.0,,2,3,夏見台,5丁目
な,夏見台6丁目,"0,3",1,4木,2,2.0,,4,3,夏見台,6丁目
な,夏見町2丁目,"1,4",1,3木,2,2.0,,3,3,夏見町,2丁目
な,七林町,"0,3",0,1水,1,2.0,下記以外,1,2,七林町,
な,七林町,"0,3",0,1水,1,1.0,"126の一部,127の一部  （星和町会のみ）",1,2,七林町,
な,習志野1～4丁目,"2,5",0,4金,3,3.0,,4,4,習志野,1～4丁目
な,習志野5丁目,"2,5",0,4金,1,3.0,1～3,4,4,習志野,5丁目
な,習志野5丁目,"2,5",0,4水,1,3.0,4～12,4,2,習志野,5丁目
な,習志野台1丁目,"0,3",0,1水,1,4.0,,1,2,習志野台,1丁目
な,習志野台2丁目,"2,5",0,3金,3,4.0,5～73,3,4,習志野台,2丁目
な,習志野台2丁目,"2,5",0,1水,1,3.0,1～4,1,2,習志野台,2丁目
な,習志野台3丁目,"2,5",0,4金,4,4.0,"6～8,13～18",4,4,習志野台,3丁目
な,習志野台3丁目,"0,3",0,2火,3,4.0,"2,3,5,9～12（団地）",2,1,習志野台,3丁目
な,習志野台3丁目,"0,3",0,2火,4,4.0,4,2,1,習志野台,3丁目
な,習志野台4丁目,"2,5",0,4金,4,4.0,13～84,4,4,習志野台,4丁目
な,習志野台4丁目,"2,5",0,1水,4,3.0,"10,11,12の一部",1,2,習志野台,4丁目
な,習志野台4丁目,"2,5",0,3水,4,3.0,1～9,3,2,習志野台,4丁目
な,習志野台4丁目,"2,5",0,1水,1,,12の一部  （セントラルマンション）,1,2,習志野台,4丁目
な,習志野台4丁目,"0,3",0,1水,1,4.0,700番台　飛び地,1,2,習志野台,4丁目
な,習志野台5丁目,"2,5",0,4金,3,4.0,22～46,4,4,習志野台,5丁目
な,習志野台5丁目,"2,5",0,4金,4,4.0,1～21,4,4,習志野台,5丁目
な,習志野台6丁目,"2,5",0,3金,3,4.0,1～3,3,4,習志野台,6丁目
な,習志野台6丁目,"2,5",0,4金,3,4.0,"4～6,9～28",4,4,習志野台,6丁目
な,習志野台6丁目,"0,3",0,2火,3,4.0,"7,8（団地）",2,1,習志野台,6丁目
な,習志野台7丁目,"2,5",0,3金,3,4.0,下記以外,3,4,習志野台,7丁目
な,習志野台7丁目,"2,5",0,3金,3,0.0,7－4－1のみ,3,4,習志野台,7丁目
な,習志野台7丁目,"2,5",0,4金,3,4.0,2223,4,4,習志野台,7丁目
な,習志野台8丁目,"2,5",0,4金,3,4.0,,4,4,習志野台,8丁目
に,西浦1～3丁目,"2,5",1,4月,4,4.0,,4,0,西浦,1～3丁目
に,西習志野1・2丁目,"0,3",0,1水,1,4.0,,1,2,西習志野,1・2丁目
に,西習志野3丁目,"0,3",0,1水,1,4.0,1～34,1,2,西習志野,3丁目
に,西習志野3丁目,"0,3",0,1水,1,1.0,35～39,1,2,西習志野,3丁目
に,西習志野4丁目,"0,3",0,1水,1,4.0,"1～10,12～18",1,2,西習志野,4丁目
に,西習志野4丁目,"0,3",0,3水,4,4.0,19～24（みゆき町会内）,3,2,西習志野,4丁目
に,西習志野4丁目,"0,3",0,1水,4,4.0,11の一部（みゆき町会内）,1,2,西習志野,4丁目
に,西船1丁目,"2,5",1,2月,4,1.0,下記以外,2,0,西船,1丁目
に,西船1丁目,"2,5",1,2月,4,4.0,"1の一部,2の一部  （海神6丁目町会）",2,0,西船,1丁目
に,西船2丁目,"2,5",1,2月,4,1.0,"2～20,32～35",2,0,西船,2丁目
に,西船2丁目,"2,5",1,3月,2,2.0,"21,23～30",3,0,西船,2丁目
に,西船3・4丁目,"2,5",1,2月,4,1.0,,2,0,西船,3・4丁目
に,西船5丁目,"2,5",1,1月,4,1.0,10～21,1,0,西船,5丁目
に,西船5丁目,"2,5",1,2月,4,1.0,"1～9,22～27",2,0,西船,5丁目
に,西船6丁目,"2,5",1,1月,4,1.0,8～10,1,0,西船,6丁目
に,西船6丁目,"2,5",1,2月,4,1.0,1～7,2,0,西船,6丁目
に,西船7丁目,"2,5",1,1月,4,1.0,7～11,1,0,西船,7丁目
に,西船7丁目,"2,5",1,2月,4,1.0,1～6,2,0,西船,7丁目
に,二宮1丁目,"1,4",0,2水,1,3.0,,2,2,二宮,1丁目
に,二宮2丁目,"1,4",0,3水,1,3.0,,3,2,二宮,2丁目
な,中野木1・2丁目,"1,4",1,2水,0,3.0,,2,2,中野木,1・2丁目
な,夏見1・2丁目,"1,4",1,3木,2,2.0,,3,3,夏見,1・2丁目
な,夏見3丁目,"0,3",1,2木,2,2.0,,2,3,夏見,3丁目
な,夏見4丁目,"1,4",1,2木,2,2.0,,2,3,夏見,4丁目
な,夏見5～7丁目,"1,4",1,3木,2,2.0,,3,3,夏見,5～7丁目
な,夏見台1・2丁目,"1,4",1,3木,2,2.0,,3,3,夏見台,1・2丁目
な,夏見台3丁目,"0,3",1,2木,2,2.0,,2,3,夏見台,3丁目
な,夏見台4丁目,"1,4",1,3木,2,2.0,,3,3,夏見台,4丁目
な,夏見台5丁目,"0,3",1,2木,2,2.0,,2,3,夏見台,5丁目
な,夏見台6丁目,"0,3",1,4木,2,2.0,,4,3,夏見台,6丁目
な,夏見町2丁目,"1,4",1,3木,2,2.0,,3,3,夏見町,2丁目
な,七林町,"0,3",0,1水,1,2.0,下記以外,1,2,七林町,
な,七林町,"0,3",0,1水,1,1.0,"126の一部,127の一部  （星和町会のみ）",1,2,七林町,
な,習志野1～4丁目,"2,5",0,4金,3,3.0,,4,4,習志野,1～4丁目
な,習志野5丁目,"2,5",0,4金,1,3.0,1～3,4,4,習志野,5丁目
な,習志野5丁目,"2,5",0,4水,1,3.0,4～12,4,2,習志野,5丁目
な,習志野台1丁目,"0,3",0,1水,1,4.0,,1,2,習志野台,1丁目
な,習志野台2丁目,"2,5",0,3金,3,4.0,5～73,3,4,習志野台,2丁目
な,習志野台2丁目,"2,5",0,1水,1,3.0,1～4,1,2,習志野台,2丁目
な,習志野台3丁目,"2,5",0,4金,4,4.0,"6～8,13～18",4,4,習志野台,3丁目
な,習志野台3丁目,"0,3",0,2火,3,4.0,"2,3,5,9～12（団地）",2,1,習志野台,3丁目
な,習志野台3丁目,"0,3",0,2火,4,4.0,4,2,1,習志野台,3丁目
な,習志野台4丁目,"2,5",0,4金,4,4.0,13～84,4,4,習志野台,4丁目
な,習志野台4丁目,"2,5",0,1水,4,3.0,"10,11,12の一部",1,2,習志野台,4丁目
な,習志野台4丁目,"2,5",0,3水,4,3.0,1～9,3,2,習志野台,4丁目
な,習志野台4丁目,"2,5",0,1水,1,,12の一部  （セントラルマンション）,1,2,習志野台,4丁目
な,習志野台4丁目,"0,3",0,1水,1,4.0,700番台　飛び地,1,2,習志野台,4丁目
な,習志野台5丁目,"2,5",0,4金,3,4.0,22～46,4,4,習志野台,5丁目
な,習志野台5丁目,"2,5",0,4金,4,4.0,1～21,4,4,習志野台,5丁目
な,習志野台6丁目,"2,5",0,3金,3,4.0,1～3,3,4,習志野台,6丁目
な,習志野台6丁目,"2,5",0,4金,3,4.0,"4～6,9～28",4,4,習志野台,6丁目
な,習志野台6丁目,"0,3",0,2火,3,4.0,"7,8（団地）",2,1,習志野台,6丁目
な,習志野台7丁目,"2,5",0,3金,3,4.0,下記以外,3,4,習志野台,7丁目
な,習志野台7丁目,"2,5",0,3金,3,0.0,7－4－1のみ,3,4,習志野台,7丁目
な,習志野台7丁目,"2,5",0,4金,3,4.0,2223,4,4,習志野台,7丁目
な,習志野台8丁目,"2,5",0,4金,3,4.0,,4,4,習志野台,8丁目
に,西浦1～3丁目,"2,5",1,4月,4,4.0,,4,0,西浦,1～3丁目
に,西習志野1・2丁目,"0,3",0,1水,1,4.0,,1,2,西習志野,1・2丁目
に,西習志野3丁目,"0,3",0,1水,1,4.0,1～34,1,2,西習志野,3丁目
に,西習志野3丁目,"0,3",0,1水,1,1.0,35～39,1,2,西習志野,3丁目
に,西習志野4丁目,"0,3",0,1水,1,4.0,"1～10,12～18",1,2,西習志野,4丁目
に,西習志野4丁目,"0,3",0,3水,4,4.0,19～24（みゆき町会内）,3,2,西習志野,4丁目
に,西習志野4丁目,"0,3",0,1水,4,4.0,11の一部（みゆき町会内）,1,2,西習志野,4丁目
に,西船1丁目,"2,5",1,2月,4,1.0,下記以外,2,0,西船,1丁目
に,西船1丁目,"2,5",1,2月,4,4.0,"1の一部,2の一部  （海神6丁目町会）",2,0,西船,1丁目
に,西船2丁目,"2,5",1,2月,4,1.0,"2～20,32～35",2,0,西船,2丁目
に,西船2丁目,"2,5",1,3月,2,2.0,"21,23～30",3,0,西船,2丁目
に,西船3・4丁目,"2,5",1,2月,4,1.0,,2,0,西船,3・4丁目
に,西船5丁目,"2,5",1,1月,4,1.0,10～21,1,0,西船,5丁目
に,西船5丁目,"2,5",1,2月,4,1.0,"1～9,22～27",2,0,西船,5丁目
に,西船6丁目,"2,5",1,1月,4,1.0,8～10,1,0,西船,6丁目
に,西船6丁目,"2,5",1,2月,4,1.0,1～7,2,0,西船,6丁目
に,西船7丁目,"2,5",1,1月,4,1.0,7～11,1,0,西船,7丁目
に,西船7丁目,"2,5",1,2月,4,1.0,1～6,2,0,西船,7丁目
に,二宮1丁目,"1,4",0,2水,1,3.0,,2,2,二宮,1丁目
に,二宮2丁目,"1,4",0,3水,1,3.0,,3,2,二宮,2丁目
は,飯山満町1丁目,"1,4",1,3木,1,1.0,"1～836,1000番台",3,3,飯山満町,1丁目
は,飯山満町1丁目,"1,4",1,1水,1,1.0,"447の1,837～900番台",1,2,飯山満町,1丁目
は,飯山満町2丁目,"1,4",1,2水,1,1.0,100～640,2,2,飯山満町,2丁目
は,飯山満町2丁目,"1,4",1,1水,1,1.0,641～,1,2,飯山満町,2丁目
は,飯山満町2丁目,"0,3",0,1水,1,1.0,"845～847,849,851,852  855,950,953,970",1,2,飯山満町,2丁目
は,飯山満町2丁目,"1,4",1,2水,0,3.0,"380の一部,385の一部",2,2,飯山満町,2丁目
は,飯山満町3丁目,"0,3",0,1水,1,1.0,下記以外,1,2,飯山満町,3丁目
は,飯山満町3丁目,"1,4",0,3水,1,3.0,"1390番台,1400番台～1520番台  1380番台及び1530番台の一部  （飯山満七林線の南側）",3,2,飯山満町,3丁目
は,浜町1丁目,"2,5",1,2火,0,0.0,7～43（一般）,2,1,浜町,1丁目
は,浜町1丁目,"2,5",1,2火,0,2.0,1～6（船橋ファミリータウン）,2,1,浜町,1丁目
は,浜町2丁目,"2,5",1,2火,0,2.0,,2,1,浜町,2丁目
は,浜町2丁目,"2,5",1,2火,0,4.0,ワンダーベイシティSAZANのみ,2,1,浜町,2丁目
は,浜町3丁目,"2,5",1,2火,0,2.0,,2,1,浜町,3丁目
ひ,東中山1・2丁目,"0,3",1,1月,4,1.0,,1,0,東中山,1・2丁目
ひ,東船橋1丁目,"1,4",1,3火,0,0.0,,3,1,東船橋,1丁目
ひ,東船橋2・3丁目,"1,4",1,2水,0,0.0,,2,2,東船橋,2・3丁目
ひ,東船橋4丁目,"1,4",1,3火,0,0.0,,3,1,東船橋,4丁目
ひ,東船橋5・6丁目,"1,4",1,4火,0,0.0,,4,1,東船橋,5・6丁目
ひ,東船橋7丁目,"1,4",1,3火,0,0.0,"1～3,9～17",3,1,東船橋,7丁目
ひ,東船橋7丁目,"1,4",1,4火,0,0.0,"4～8,18～22",4,1,東船橋,7丁目
ひ,日の出1・2丁目,"2,5",1,2火,0,2.0,,2,1,日の出,1・2丁目
ふ,藤原1～8丁目,"0,3",1,1木,2,3.0,,1,3,藤原,1～8丁目
ふ,二子町,"2,5",1,1月,4,1.0,,1,0,二子町,
ふ,二和西1～6丁目,"0,3",0,4木,2,1.0,,4,3,二和西,1～6丁目
ふ,二和東1～6丁目,"0,3",0,4木,2,1.0,,4,3,二和東,1～6丁目
ほ,本郷町,"2,5",1,1月,4,1.0,"472～636,639,651,691,704～746",1,0,本郷町,
ほ,本郷町,"2,5",1,4月,4,1.0,"400～465,637,638,640～650  653～689,692～694",4,0,本郷町,
ほ,本町1丁目,"0,3",1,4月,4,4.0,"14,18～23,25,26,29",4,0,本町,1丁目
ほ,本町1丁目,"1,4",1,1火,0,2.0,"1～13,15,16,27,28,30～32",1,1,本町,1丁目
ほ,本町1丁目,"1,4",1,1火,4,4.0,"25のソシアルハイム,27の北西,  29-4のそばの全3か所",1,1,本町,1丁目
ほ,本町2丁目,"0,3",1,4月,4,4.0,12～22,4,0,本町,2丁目
ほ,本町2丁目,"1,4",1,1火,4,4.0,1123,1,1,本町,2丁目
ほ,本町2丁目,"1,4",1,1火,0,2.0,"1～9,24～29",1,1,本町,2丁目
ほ,本町3・4丁目,"1,4",1,1火,0,2.0,,1,1,本町,3・4丁目
ほ,本町5・6丁目,"2,5",1,1火,0,2.0,,1,1,本町,5・6丁目
ほ,本町7丁目,"2,5",1,1火,0,2.0,2～24,1,1,本町,7丁目
ほ,本町7丁目,"2,5",1,3月,0,2.0,252627,3,0,本町,7丁目
は,飯山満町1丁目,"1,4",1,3木,1,1.0,"1～836,1000番台",3,3,飯山満町,1丁目
は,飯山満町1丁目,"1,4",1,1水,1,1.0,"447の1,837～900番台",1,2,飯山満町,1丁目
は,飯山満町2丁目,"1,4",1,2水,1,1.0,100～640,2,2,飯山満町,2丁目
は,飯山満町2丁目,"1,4",1,1水,1,1.0,641～,1,2,飯山満町,2丁目
は,飯山満町2丁目,"0,3",0,1水,1,1.0,"845～847,849,851,852  855,950,953,970",1,2,飯山満町,2丁目
は,飯山満町2丁目,"1,4",1,2水,0,3.0,"380の一部,385の一部",2,2,飯山満町,2丁目
は,飯山満町3丁目,"0,3",0,1水,1,1.0,下記以外,1,2,飯山満町,3丁目
は,飯山満町3丁目,"1,4",0,3水,1,3.0,"1390番台,1400番台～1520番台  1380番台及び1530番台の一部  （飯山満七林線の南側）",3,2,飯山満町,3丁目
は,浜町1丁目,"2,5",1,2火,0,0.0,7～43（一般）,2,1,浜町,1丁目
は,浜町1丁目,"2,5",1,2火,0,2.0,1～6（船橋ファミリータウン）,2,1,浜町,1丁目
は,浜町2丁目,"2,5",1,2火,0,2.0,,2,1,浜町,2丁目
は,浜町2丁目,"2,5",1,2火,0,4.0,ワンダーベイシティSAZANのみ,2,1,浜町,2丁目
は,浜町3丁目,"2,5",1,2火,0,2.0,,2,1,浜町,3丁目
ひ,東中山1・2丁目,"0,3",1,1月,4,1.0,,1,0,東中山,1・2丁目
ひ,東船橋1丁目,"1,4",1,3火,0,0.0,,3,1,東船橋,1丁目
ひ,東船橋2・3丁目,"1,4",1,2水,0,0.0,,2,2,東船橋,2・3丁目
ひ,東船橋4丁目,"1,4",1,3火,0,0.0,,3,1,東船橋,4丁目
ひ,東船橋5・6丁目,"1,4",1,4火,0,0.0,,4,1,東船橋,5・6丁目
ひ,東船橋7丁目,"1,4",1,3火,0,0.0,"1～3,9～17",3,1,東船橋,7丁目
ひ,東船橋7丁目,"1,4",1,4火,0,0.0,"4～8,18～22",4,1,東船橋,7丁目
ひ,日の出1・2丁目,"2,5",1,2火,0,2.0,,2,1,日の出,1・2丁目
ふ,藤原1～8丁目,"0,3",1,1木,2,3.0,,1,3,藤原,1～8丁目
ふ,二子町,"2,5",1,1月,4,1.0,,1,0,二子町,
ふ,二和西1～6丁目,"0,3",0,4木,2,1.0,,4,3,二和西,1～6丁目
ふ,二和東1～6丁目,"0,3",0,4木,2,1.0,,4,3,二和東,1～6丁目
ほ,本郷町,"2,5",1,1月,4,1.0,"472～636,639,651,691,704～746",1,0,本郷町,
ほ,本郷町,"2,5",1,4月,4,1.0,"400～465,637,638,640～650  653～689,692～694",4,0,本郷町,
ほ,本町1丁目,"0,3",1,4月,4,4.0,"14,18～23,25,26,29",4,0,本町,1丁目
ほ,本町1丁目,"1,4",1,1火,0,2.0,"1～13,15,16,27,28,30～32",1,1,本町,1丁目
ほ,本町1丁目,"1,4",1,1火,4,4.0,"25のソシアルハイム,27の北西,  29-4のそばの全3か所",1,1,本町,1丁目
ほ,本町2丁目,"0,3",1,4月,4,4.0,12～22,4,0,本町,2丁目
ほ,本町2丁目,"1,4",1,1火,4,4.0,1123,1,1,本町,2丁目
ほ,本町2丁目,"1,4",1,1火,0,2.0,"1～9,24～29",1,1,本町,2丁目
ほ,本町3・4丁目,"1,4",1,1火,0,2.0,,1,1,本町,3・4丁目
ほ,本町5・6丁目,"2,5",1,1火,0,2.0,,1,1,本町,5・6丁目
ほ,本町7丁目,"2,5",1,1火,0,2.0,2～24,1,1,本町,7丁目
ほ,本町7丁目,"2,5",1,3月,0,2.0,252627,3,0,本町,7丁目
ま,前貝塚町,"0,3",1,1木,2,2.0,"100番台,208～211  819～822,844,845,855,856  860番台,870～872,885",1,3,前貝塚町,
ま,前貝塚町,"0,3",1,2木,2,2.0,上記下記以外,2,3,前貝塚町,
ま,前貝塚町,"0,3",1,4木,2,2.0,340番台,4,3,前貝塚町,
ま,前原西1～3丁目,"1,4",1,4火,0,3.0,,4,1,前原西,1～3丁目
ま,前原西4・5丁目,"1,4",1,2水,0,3.0,,2,2,前原西,4・5丁目
ま,前原西6丁目,"1,4",1,2水,0,3.0,下記以外,2,2,前原西,6丁目
ま,前原西6丁目,"1,4",1,3月,4,3.0,前原団地（アルビス前原）,3,0,前原西,6丁目
ま,前原西6丁目,"1,4",1,3月,4,3.0,パークホームズ津田沼前原の丘  パークハウス木々津田沼前原  ローレルコート津田沼  ミリアビタNO.26,3,0,前原西,6丁目
ま,前原西7丁目,"1,4",1,2水,0,3.0,,2,2,前原西,7丁目
ま,前原西8丁目,"1,4",0,2水,1,3.0,"5～19,25～28",2,2,前原西,8丁目
ま,前原西8丁目,"1,4",0,2水,0,3.0,"1～4,22～24",2,2,前原西,8丁目
ま,前原東1丁目,"1,4",0,2水,0,3.0,9～16,2,2,前原東,1丁目
ま,前原東1丁目,"1,4",1,4火,0,3.0,1～8,4,1,前原東,1丁目
ま,前原東2丁目,"1,4",0,3水,0,3.0,,3,2,前原東,2丁目
ま,前原東3丁目,"1,4",1,4火,0,3.0,134,4,1,前原東,3丁目
ま,前原東3丁目,"1,4",0,2水,0,3.0,"5～8,10～15  17～36",2,2,前原東,3丁目
ま,前原東4丁目,"1,4",0,2水,0,3.0,1～17,2,2,前原東,4丁目
ま,前原東4丁目,"1,4",1,2水,0,3.0,18～21,2,2,前原東,4丁目
ま,前原東5丁目,"1,4",0,2水,0,3.0,1～7,2,2,前原東,5丁目
ま,前原東5丁目,"1,4",0,3水,0,3.0,8～49,3,2,前原東,5丁目
ま,前原東6丁目,"1,4",0,3水,0,3.0,"1～5,9～15",3,2,前原東,6丁目
ま,前原東6丁目,"1,4",0,4水,0,3.0,"6,7,8,16～37",4,2,前原東,6丁目
ま,馬込町,"0,3",0,1木,2,1.0,"912,913  943,945",1,3,馬込町,
ま,馬込町,"0,3",0,4木,2,1.0,船橋・我孫子線の東側,4,3,馬込町,
ま,馬込町,"0,3",1,4木,2,3.0,船橋・我孫子線の西側,4,3,馬込町,
ま,馬込西1丁目,"0,3",1,1木,2,3.0,旧馬込町馬込沢駅駅前  （印西線北側）,1,3,馬込西,1丁目
ま,馬込西2・3丁目,"0,3",1,4木,2,3.0,,4,3,馬込西,2・3丁目
ま,松が丘1～3丁目,"2,5",0,2金,3,0.0,,2,4,松が丘,1～3丁目
ま,松が丘4・5丁目,"2,5",0,3金,3,0.0,,3,4,松が丘,4・5丁目
ま,丸山1～5丁目,"0,3",0,1木,2,1.0,,1,3,丸山,1～5丁目
み,三咲1丁目,"0,3",0,2金,3,2.0,,2,4,三咲,1丁目
み,三咲2・3丁目,"0,3",0,1金,3,2.0,,1,4,三咲,2・3丁目
み,三咲4～8丁目,"1,4",0,2金,3,2.0,,2,4,三咲,4～8丁目
み,三咲9丁目,"1,4",0,1金,3,2.0,,1,4,三咲,9丁目
み,三咲町,"1,4",0,1金,3,2.0,八木が谷地区,1,4,三咲町,
み,三咲町,"1,4",0,2金,3,2.0,大穴地区,2,4,三咲町,
み,緑台1・2丁目,"1,4",1,1火,2,2.0,,1,1,緑台,1・2丁目
み,湊町1～3丁目,"2,5",1,2火,0,2.0,,2,1,湊町,1～3丁目
み,南海神1・2丁目,"2,5",1,4月,4,4.0,,4,0,南海神,1・2丁目
み,南本町,"2,5",1,4月,0,2.0,"1～4,7～10  12～14",4,0,南本町,
み,南本町,"2,5",1,4月,4,4.0,15～43,4,0,南本町,
み,南三咲1丁目,"1,4",1,3木,2,2.0,,3,3,南三咲,1丁目
み,南三咲2丁目,"0,3",0,4木,2,1.0,,4,3,南三咲,2丁目
み,南三咲3丁目,"0,3",0,4木,2,1.0,"1～15,18～25",4,3,南三咲,3丁目
み,南三咲3丁目,"0,3",0,2金,3,2.0,"16,17,26～30",2,4,南三咲,3丁目
み,南三咲4丁目,"1,4",1,3木,2,2.0,8～25,3,3,南三咲,4丁目
み,南三咲4丁目,"1,4",1,3木,3,0.0,1～7,3,3,南三咲,4丁目
み,みやぎ台1・2丁目,"1,4",0,1金,3,3.0,,1,4,みやぎ台,1・2丁目
み,みやぎ台3丁目,"1,4",0,1金,3,3.0,"11～16,18～21",1,4,みやぎ台,3丁目
み,みやぎ台3丁目,"1,4",0,1金,3,2.0,124,1,4,みやぎ台,3丁目
み,みやぎ台4丁目,"1,4",0,1金,3,3.0,,1,4,みやぎ台,4丁目
み,三山1～4丁目,"1,4",0,4水,1,3.0,,4,2,三山,1～4丁目
み,三山5～7丁目,"2,5",0,4金,1,3.0,,4,4,三山,5～7丁目
み,三山8・9丁目,"2,5",0,4水,1,3.0,,4,2,三山,8・9丁目
み,宮本1丁目,"2,5",1,3火,0,0.0,,3,1,宮本,1丁目
み,宮本2丁目,"2,5",1,3火,0,0.0,1～13,3,1,宮本,2丁目
み,宮本2丁目,"2,5",1,2火,0,0.0,14～15,2,1,宮本,2丁目
み,宮本3丁目,"2,5",1,2火,0,0.0,,2,1,宮本,3丁目
み,宮本4～7丁目,"2,5",1,3火,0,0.0,,3,1,宮本,4～7丁目
み,宮本8丁目,"2,5",1,4火,0,0.0,,4,1,宮本,8丁目
み,宮本9丁目,"2,5",1,2火,0,0.0,,2,1,宮本,9丁目
も,本中山1～7丁目,"0,3",1,1月,4,1.0,,1,0,本中山,1～7丁目
ま,前貝塚町,"0,3",1,1木,2,2.0,"100番台,208～211  819～822,844,845,855,856  860番台,870～872,885",1,3,前貝塚町,
ま,前貝塚町,"0,3",1,2木,2,2.0,上記下記以外,2,3,前貝塚町,
ま,前貝塚町,"0,3",1,4木,2,2.0,340番台,4,3,前貝塚町,
ま,前原西1～3丁目,"1,4",1,4火,0,3.0,,4,1,前原西,1～3丁目
ま,前原西4・5丁目,"1,4",1,2水,0,3.0,,2,2,前原西,4・5丁目
ま,前原西6丁目,"1,4",1,2水,0,3.0,下記以外,2,2,前原西,6丁目
ま,前原西6丁目,"1,4",1,3月,4,3.0,前原団地（アルビス前原）,3,0,前原西,6丁目
ま,前原西6丁目,"1,4",1,3月,4,3.0,パークホームズ津田沼前原の丘  パークハウス木々津田沼前原  ローレルコート津田沼  ミリアビタNO.26,3,0,前原西,6丁目
ま,前原西7丁目,"1,4",1,2水,0,3.0,,2,2,前原西,7丁目
ま,前原西8丁目,"1,4",0,2水,1,3.0,"5～19,25～28",2,2,前原西,8丁目
ま,前原西8丁目,"1,4",0,2水,0,3.0,"1～4,22～24",2,2,前原西,8丁目
ま,前原東1丁目,"1,4",0,2水,0,3.0,9～16,2,2,前原東,1丁目
ま,前原東1丁目,"1,4",1,4火,0,3.0,1～8,4,1,前原東,1丁目
ま,前原東2丁目,"1,4",0,3水,0,3.0,,3,2,前原東,2丁目
ま,前原東3丁目,"1,4",1,4火,0,3.0,134,4,1,前原東,3丁目
ま,前原東3丁目,"1,4",0,2水,0,3.0,"5～8,10～15  17～36",2,2,前原東,3丁目
ま,前原東4丁目,"1,4",0,2水,0,3.0,1～17,2,2,前原東,4丁目
ま,前原東4丁目,"1,4",1,2水,0,3.0,18～21,2,2,前原東,4丁目
ま,前原東5丁目,"1,4",0,2水,0,3.0,1～7,2,2,前原東,5丁目
ま,前原東5丁目,"1,4",0,3水,0,3.0,8～49,3,2,前原東,5丁目
ま,前原東6丁目,"1,4",0,3水,0,3.0,"1～5,9～15",3,2,前原東,6丁目
ま,前原東6丁目,"1,4",0,4水,0,3.0,"6,7,8,16～37",4,2,前原東,6丁目
ま,馬込町,"0,3",0,1木,2,1.0,"912,913  943,945",1,3,馬込町,
ま,馬込町,"0,3",0,4木,2,1.0,船橋・我孫子線の東側,4,3,馬込町,
ま,馬込町,"0,3",1,4木,2,3.0,船橋・我孫子線の西側,4,3,馬込町,
ま,馬込西1丁目,"0,3",1,1木,2,3.0,旧馬込町馬込沢駅駅前  （印西線北側）,1,3,馬込西,1丁目
ま,馬込西2・3丁目,"0,3",1,4木,2,3.0,,4,3,馬込西,2・3丁目
ま,松が丘1～3丁目,"2,5",0,2金,3,0.0,,2,4,松が丘,1～3丁目
ま,松が丘4・5丁目,"2,5",0,3金,3,0.0,,3,4,松が丘,4・5丁目
ま,丸山1～5丁目,"0,3",0,1木,2,1.0,,1,3,丸山,1～5丁目
み,三咲1丁目,"0,3",0,2金,3,2.0,,2,4,三咲,1丁目
み,三咲2・3丁目,"0,3",0,1金,3,2.0,,1,4,三咲,2・3丁目
み,三咲4～8丁目,"1,4",0,2金,3,2.0,,2,4,三咲,4～8丁目
み,三咲9丁目,"1,4",0,1金,3,2.0,,1,4,三咲,9丁目
み,三咲町,"1,4",0,1金,3,2.0,八木が谷地区,1,4,三咲町,
み,三咲町,"1,4",0,2金,3,2.0,大穴地区,2,4,三咲町,
み,緑台1・2丁目,"1,4",1,1火,2,2.0,,1,1,緑台,1・2丁目
み,湊町1～3丁目,"2,5",1,2火,0,2.0,,2,1,湊町,1～3丁目
み,南海神1・2丁目,"2,5",1,4月,4,4.0,,4,0,南海神,1・2丁目
み,南本町,"2,5",1,4月,0,2.0,"1～4,7～10  12～14",4,0,南本町,
み,南本町,"2,5",1,4月,4,4.0,15～43,4,0,南本町,
み,南三咲1丁目,"1,4",1,3木,2,2.0,,3,3,南三咲,1丁目
み,南三咲2丁目,"0,3",0,4木,2,1.0,,4,3,南三咲,2丁目
み,南三咲3丁目,"0,3",0,4木,2,1.0,"1～15,18～25",4,3,南三咲,3丁目
み,南三咲3丁目,"0,3",0,2金,3,2.0,"16,17,26～30",2,4,南三咲,3丁目
み,南三咲4丁目,"1,4",1,3木,2,2.0,8～25,3,3,南三咲,4丁目
み,南三咲4丁目,"1,4",1,3木,3,0.0,1～7,3,3,南三咲,4丁目
み,みやぎ台1・2丁目,"1,4",0,1金,3,3.0,,1,4,みやぎ台,1・2丁目
み,みやぎ台3丁目,"1,4",0,1金,3,3.0,"11～16,18～21",1,4,みやぎ台,3丁目
み,みやぎ台3丁目,"1,4",0,1金,3,2.0,124,1,4,みやぎ台,3丁目
み,みやぎ台4丁目,"1,4",0,1金,3,3.0,,1,4,みやぎ台,4丁目
み,三山1～4丁目,"1,4",0,4水,1,3.0,,4,2,三山,1～4丁目
み,三山5～7丁目,"2,5",0,4金,1,3.0,,4,4,三山,5～7丁目
み,三山8・9丁目,"2,5",0,4水,1,3.0,,4,2,三山,8・9丁目
み,宮本1丁目,"2,5",1,3火,0,0.0,,3,1,宮本,1丁目
み,宮本2丁目,"2,5",1,3火,0,0.0,1～13,3,1,宮本,2丁目
み,宮本2丁目,"2,5",1,2火,0,0.0,14～15,2,1,宮本,2丁目
み,宮本3丁目,"2,5",1,2火,0,0.0,,2,1,宮本,3丁目
み,宮本4～7丁目,"2,5",1,3火,0,0.0,,3,1,宮本,4～7丁目
み,宮本8丁目,"2,5",1,4火,0,0.0,,4,1,宮本,8丁目
み,宮本9丁目,"2,5",1,2火,0,0.0,,2,1,宮本,9丁目
も,本中山1～7丁目,"0,3",1,1月,4,1.0,,1,0,本中山,1～7丁目
や,八木が谷1～5丁目,"1,4",0,1金,3,3.0,,1,4,八木が谷,1～5丁目
や,八木が谷町,"1,4",0,1金,3,3.0,,1,4,八木が谷町,
や,薬円台1・2丁目,"0,3",0,3水,1,2.0,,3,2,薬円台,1・2丁目
や,薬円台3丁目,"2,5",0,4金,1,3.0,,4,4,薬円台,3丁目
や,薬円台4丁目,"0,3",0,3水,1,2.0,"1～13,17～25",3,2,薬円台,4丁目
や,薬円台4丁目,"0,3",0,3水,4,2.0,15,3,2,薬円台,4丁目
や,薬円台5丁目,"0,3",0,3水,1,2.0,,3,2,薬円台,5丁目
や,薬円台6丁目,"0,3",0,3水,1,2.0,1～22,3,2,薬円台,6丁目
や,薬円台6丁目,"0,3",0,3水,4,2.0,2324,3,2,薬円台,6丁目
や,薬園台町1丁目,"1,4",0,4水,1,3.0,,4,2,薬園台町,1丁目
や,山手1～3丁目,"2,5",1,2木,2,2.0,,2,3,山手,1～3丁目
や,山野町,"2,5",1,4月,4,1.0,,4,0,山野町,
わ,若松1丁目,"2,5",1,2火,0,4.0,2～17,2,1,若松,1丁目
わ,若松1丁目,"2,5",1,2火,0,0.0,1,2,1,若松,1丁目
わ,若松2・3丁目,"2,5",1,4火,0,4.0,,4,1,若松,2・3丁目
や,八木が谷1～5丁目,"1,4",0,1金,3,3.0,,1,4,八木が谷,1～5丁目
や,八木が谷町,"1,4",0,1金,3,3.0,,1,4,八木が谷町,
や,薬円台1・2丁目,"0,3",0,3水,1,2.0,,3,2,薬円台,1・2丁目
や,薬円台3丁目,"2,5",0,4金,1,3.0,,4,4,薬円台,3丁目
や,薬円台4丁目,"0,3",0,3水,1,2.0,"1～13,17～25",3,2,薬円台,4丁目
や,薬円台4丁目,"0,3",0,3水,4,2.0,15,3,2,薬円台,4丁目
や,薬円台5丁目,"0,3",0,3水,1,2.0,,3,2,薬円台,5丁目
や,薬円台6丁目,"0,3",0,3水,1,2.0,1～22,3,2,薬円台,6丁目
や,薬円台6丁目,"0,3",0,3水,4,2.0,2324,3,2,薬円台,6丁目
や,薬園台町1丁目,"1,4",0,4水,1,3.0,,4,2,薬園台町,1丁目
や,山手1～3丁目,"2,5",1,2木,2,2.0,,2,3,山手,1～3丁目
や,山野町,"2,5",1,4月,4,1.0,,4,0,山野町,
わ,若松1丁目,"2,5",1,2火,0,4.0,2～17,2,1,若松,1丁目
わ,若松1丁目,"2,5",1,2火,0,0.0,1,2,1,若松,1丁目
わ,若松2・3丁目,"2,5",1,4火,0,4.0,,4,1,若松,2・3丁目
